title,description,prep_time,cook_time,servings,difficulty,protein_type,ingredients,instructions,tags
Spaghetti Carbonara,"A classic Roman pasta dish with a creamy egg and cheese sauce.",10 min,15 min,4,Medium,Pork,"1 lb spaghetti|4 oz pancetta, diced|4 large egg yolks|1 cup grated Pecorino Romano cheese|2 cloves garlic, minced|Black pepper, freshly ground|Salt to taste","1. Cook spaghetti according to package directions. Reserve 1 cup of pasta water.|2. While pasta cooks, sauté pancetta in a large skillet over medium heat until crisp. Add garlic and cook for 1 more minute.|3. In a bowl, whisk together egg yolks, Pecorino Romano, and a generous amount of black pepper.|4. Drain the pasta and immediately add it to the skillet with the pancetta. Turn off the heat.|5. Slowly pour the egg mixture into the pasta, tossing quickly to combine. The heat from the pasta will cook the eggs. Add reserved pasta water a little at a time to create a creamy sauce.|6. Serve immediately with more cheese and pepper.","italian,pasta,weeknight,classic"
Classic Beef Lasagna,"A hearty,layered pasta dish with rich meat sauce, ricotta, and mozzarella cheese.",30 min,60 min,8,Medium,Beef,"1 lb ground beef|1 large onion, chopped|2 cloves garlic, minced|1 (28 oz) can crushed tomatoes|2 (6 oz) cans tomato paste|1/2 cup water|2 tsp sugar|1.5 tsp dried basil|1 tsp salt|1/2 tsp fennel seeds|1/4 tsp black pepper|12 lasagna noodles|16 oz ricotta cheese|1 egg|1/2 cup grated Parmesan cheese|1 lb mozzarella cheese, sliced","1. In a large skillet, cook ground beef and onion until browned. Drain fat. Stir in garlic, crushed tomatoes, tomato paste, water, and seasonings. Simmer for 1 hour.|2. Cook lasagna noodles according to package directions. Drain.|3. In a bowl, combine ricotta, egg, and Parmesan cheese.|4. Preheat oven to 375°F (190°C).|5. To assemble, spread 1.5 cups of meat sauce in the bottom of a 9x13 inch baking dish. Arrange noodles lengthwise over sauce. Spread with one half of the ricotta cheese mixture. Top with a layer of mozzarella slices. Repeat layers, and top with remaining mozzarella and Parmesan.|6. Bake for 30-40 minutes until bubbly. Let stand for 15 minutes before serving.","italian,casserole,family meal,comfort food"
Chicken Teriyaki Stir-Fry,"A quick and flavorful Japanese-inspired stir-fry with tender chicken and crisp vegetables.",15 min,15 min,4,Easy,Chicken,"1 lb boneless, skinless chicken breast, cut into chunks|1/2 cup soy sauce|1/4 cup honey|1 tbsp rice vinegar|1 tsp grated ginger|2 cloves garlic, minced|1 tbsp cornstarch|2 tbsp water|1 tbsp sesame oil|1 head broccoli, cut into florets|1 red bell pepper, sliced|4 green onions, chopped|Cooked rice for serving","1. In a bowl, whisk together soy sauce, honey, rice vinegar, ginger, and garlic.|2. In a separate small bowl, mix cornstarch and water to create a slurry.|3. Heat sesame oil in a large skillet or wok over medium-high heat. Add chicken and cook until browned and cooked through.|4. Add broccoli and bell pepper to the skillet and stir-fry for 3-4 minutes until tender-crisp.|5. Pour the soy sauce mixture into the skillet and bring to a simmer. Stir in the cornstarch slurry and cook until the sauce thickens.|6. Garnish with green onions and serve over rice.","asian,japanese,stir-fry,quick,weeknight"
Simple Lemon Herb Baked Salmon,"Flaky salmon baked with lemon and herbs for a healthy and delicious meal.",5 min,15 min,2,Easy,Fish,"2 (6 oz) salmon fillets|1 tbsp olive oil|1 lemon, thinly sliced|2 sprigs fresh dill|2 sprigs fresh parsley|Salt and pepper to taste","1. Preheat oven to 400°F (200°C).|2. Place salmon fillets on a baking sheet lined with parchment paper.|3. Drizzle with olive oil and season with salt and pepper.|4. Top each fillet with lemon slices, dill, and parsley.|5. Bake for 12-15 minutes, or until the salmon is cooked through and flakes easily with a fork.|6. Serve immediately.","healthy,seafood,quick,gluten-free"
Hearty Vegan Lentil Soup,"A comforting and nutritious soup packed with lentils, vegetables, and savory herbs.",15 min,45 min,6,Easy,Vegan,"1 tbsp olive oil|1 large onion, chopped|2 carrots, diced|2 celery stalks, diced|3 cloves garlic, minced|1 cup brown or green lentils, rinsed|8 cups vegetable broth|1 (14.5 oz) can diced tomatoes, undrained|1 tsp dried thyme|1 bay leaf|Salt and pepper to taste|1 cup chopped spinach","1. Heat olive oil in a large pot or Dutch oven over medium heat. Add onion, carrots, and celery and cook until softened, about 5-7 minutes.|2. Stir in garlic and cook for another minute until fragrant.|3. Add lentils, vegetable broth, diced tomatoes, thyme, and bay leaf. Bring to a boil.|4. Reduce heat, cover, and simmer for 30-40 minutes, or until lentils are tender.|5. Remove the bay leaf. Stir in the spinach and cook until wilted.|6. Season with salt and pepper to taste before serving.","vegan,soup,healthy,one-pot,comfort food"
Classic American Cheeseburger,"A juicy beef patty grilled to perfection, topped with cheese, and served on a toasted bun.",10 min,10 min,4,Easy,Beef,"1.5 lbs ground chuck (80/20)|1 tsp salt|1/2 tsp black pepper|4 slices cheddar cheese|4 hamburger buns|Lettuce, tomato, onion slices for topping|Ketchup, mustard, mayonnaise for topping","1. Preheat grill to medium-high heat.|2. Gently form the ground chuck into 4 equal-sized patties, about 3/4 inch thick. Don't overwork the meat.|3. Season both sides of the patties with salt and pepper.|4. Grill patties for 4-5 minutes per side for medium, or until cooked to your desired doneness.|5. During the last minute of cooking, place a slice of cheese on each patty to melt.|6. Lightly toast the hamburger buns on the grill.|7. Assemble the burgers with your favorite toppings and condiments.","american,grill,burger,summer"
Chicken Alfredo,"Creamy and rich pasta dish with grilled chicken and a Parmesan cheese sauce.",15 min,20 min,4,Medium,Chicken,"1 lb fettuccine|1.5 lbs boneless, skinless chicken breast, cut into strips|2 tbsp olive oil|Salt and pepper to taste|1/2 cup butter|2 cloves garlic, minced|2 cups heavy cream|1.5 cups grated Parmesan cheese|Chopped parsley for garnish","1. Cook fettuccine according to package directions. Drain and set aside.|2. Season chicken strips with salt and pepper. Heat olive oil in a large skillet over medium-high heat. Cook chicken until golden brown and cooked through. Remove from skillet.|3. In the same skillet, melt butter over medium heat. Add garlic and cook until fragrant, about 1 minute.|4. Stir in heavy cream and bring to a simmer. Cook for 3-5 minutes until it starts to thicken.|5. Reduce heat to low and whisk in Parmesan cheese until the sauce is smooth. Season with salt and pepper.|6. Add the cooked fettuccine and chicken to the skillet, tossing to coat everything in the sauce.|7. Garnish with fresh parsley and serve immediately.","italian,pasta,comfort food,chicken"
Pork Carnitas,"Slow-cooked, tender Mexican pork that is crisped up before serving. Perfect for tacos or burritos.",15 min,4 hours,8,Medium,Pork,"4 lbs pork shoulder (Boston butt), cut into 2-inch chunks|1 onion, quartered|4 cloves garlic, smashed|2 oranges, juiced|1 lime, juiced|1 tbsp salt|1 tsp cumin|1 tsp dried oregano|1/2 cup water","1. Preheat oven to 325°F (160°C).|2. Place pork chunks in a large Dutch oven. Add onion, garlic, orange juice, lime juice, salt, cumin, and oregano.|3. Pour in enough water to come about halfway up the pork.|4. Cover and bake for 3-4 hours, until the pork is fork-tender.|5. Remove the pork from the liquid and shred it with two forks.|6. To crisp the carnitas, heat a large skillet over high heat. Add a thin layer of shredded pork and a little of the cooking liquid. Cook until the liquid evaporates and the bottom of the pork is browned and crispy. Flip and briefly crisp the other side.|7. Serve warm in tacos, burritos, or on a platter.","mexican,pork,slow-cooker,tacos"
Vegetarian Black Bean Burgers,"Flavorful homemade veggie burgers that are hearty, healthy, and don't fall apart.",15 min,10 min,4,Easy,Vegetarian,"1 (15 oz) can black beans, rinsed and drained|1/2 green bell pepper, finely chopped|1/2 onion, finely chopped|2 cloves garlic, minced|1 egg|1 tbsp ketchup|1 tbsp Worcestershire sauce|1/2 cup bread crumbs|Salt and pepper to taste|4 hamburger buns|Toppings of your choice","1. In a large bowl, mash the black beans with a fork until they are thick and pasty.|2. Mix in the bell pepper, onion, garlic, egg, ketchup, and Worcestershire sauce.|3. Stir in the bread crumbs, salt, and pepper until the mixture is sticky and holds together.|4. Divide the mixture into 4 patties.|5. Heat a lightly oiled skillet over medium heat. Cook the patties for 5-6 minutes on each side, until heated through and browned on the outside.|6. Serve on buns with your favorite burger toppings.","vegetarian,burger,healthy,american"
Greek Salad,"A refreshing salad with crisp vegetables, feta cheese, and olives in a lemon-herb vinaigrette.",15 min,0 min,4,Easy,Vegetarian,"1 head romaine lettuce, chopped|1 cucumber, sliced|1 pint cherry tomatoes, halved|1 red onion, thinly sliced|1/2 cup Kalamata olives|4 oz feta cheese, crumbled|For the Vinaigrette: 1/4 cup olive oil, 2 tbsp red wine vinegar, 1 tbsp lemon juice, 1 tsp dried oregano, salt and pepper to taste","1. In a large salad bowl, combine the chopped lettuce, cucumber, cherry tomatoes, red onion, and Kalamata olives.|2. In a small bowl or jar, whisk together the olive oil, red wine vinegar, lemon juice, oregano, salt, and pepper to make the vinaigrette.|3. Pour the vinaigrette over the salad and toss gently to combine.|4. Sprinkle the crumbled feta cheese over the top.|5. Serve immediately.","mediterranean,salad,healthy,vegetarian,quick"
Beef and Broccoli,"A classic Chinese-American dish with tender beef and crisp broccoli in a savory sauce.",20 min,10 min,4,Easy,Beef,"1 lb flank steak, thinly sliced against the grain|1/4 cup soy sauce|2 tbsp brown sugar|1 tbsp sesame oil|1 tsp minced ginger|2 cloves garlic, minced|1 tbsp cornstarch|1 large head broccoli, cut into florets|1 tbsp vegetable oil|Cooked white rice for serving","1. In a bowl, combine soy sauce, brown sugar, sesame oil, ginger, garlic, and cornstarch. Add the sliced steak and toss to coat. Let it marinate for at least 15 minutes.|2. Steam or blanch the broccoli florets for 2-3 minutes until bright green and tender-crisp. Drain and set aside.|3. Heat vegetable oil in a wok or large skillet over high heat.|4. Remove steak from the marinade, letting excess drip off. Add steak to the hot skillet in a single layer and cook for 1-2 minutes per side until browned. Don't overcrowd the pan.|5. Add the blanched broccoli and the remaining marinade to the skillet. Bring to a boil and cook, stirring, for 1-2 minutes until the sauce has thickened.|6. Serve immediately over white rice.","asian,chinese,beef,stir-fry,weeknight"
One-Pot Chicken and Rice,"A simple and comforting meal where chicken and rice cook together with vegetables and herbs.",10 min,30 min,4,Easy,Chicken,"1 tbsp olive oil|1 lb boneless, skinless chicken thighs, cut into bite-sized pieces|1 onion, chopped|2 carrots, diced|2 cloves garlic, minced|1 cup long-grain white rice|2 cups chicken broth|1 tsp dried thyme|Salt and pepper to taste|1/2 cup frozen peas","1. Heat olive oil in a large pot or Dutch oven over medium-high heat.|2. Season chicken with salt and pepper and add to the pot. Cook until browned on all sides. Remove chicken and set aside.|3. Add the onion and carrots to the pot and cook until softened, about 5 minutes. Stir in the garlic.|4. Add the rice to the pot and stir for 1 minute to toast it slightly.|5. Pour in the chicken broth, add thyme, and season with salt and pepper. Bring to a boil.|6. Return the chicken to the pot. Reduce heat to low, cover, and simmer for 15-20 minutes, or until the liquid is absorbed and the rice is tender.|7. Stir in the frozen peas, cover, and let it sit off the heat for 5 minutes.|8. Fluff the rice with a fork and serve.","one-pot,chicken,comfort food,easy"
Spicy Thai Green Curry with Tofu,"A fragrant and spicy Thai curry made with green curry paste, coconut milk, tofu, and vegetables.",15 min,20 min,4,Medium,Vegan,"1 tbsp coconut oil|1 block (14 oz) extra-firm tofu, pressed and cubed|2-4 tbsp green curry paste (to taste)|1 (13.5 oz) can full-fat coconut milk|1 cup vegetable broth|1 red bell pepper, sliced|1 cup bamboo shoots, drained|1 cup Thai basil leaves|1 tbsp soy sauce|1 tsp sugar|Cooked jasmine rice for serving","1. Heat coconut oil in a large skillet or pot over medium-high heat. Add the cubed tofu and pan-fry until golden brown on all sides. Remove tofu and set aside.|2. Reduce heat to medium. Add the green curry paste and cook for 1 minute until fragrant.|3. Whisk in the coconut milk and vegetable broth until smooth. Bring to a simmer.|4. Add the bell pepper and bamboo shoots. Cook for 5-7 minutes until the vegetables are tender.|5. Stir in the pan-fried tofu, Thai basil leaves, soy sauce, and sugar. Cook for another 2 minutes.|6. Serve hot over jasmine rice.","asian,thai,curry,vegan,spicy"
Classic Shepherd's Pie,"A comforting casserole of savory ground lamb (or beef) and vegetables, topped with creamy mashed potatoes.",25 min,25 min,6,Medium,Beef,"For the filling: 1.5 lbs ground lamb or beef, 1 tbsp olive oil, 1 large onion, chopped, 2 carrots, diced, 2 cloves garlic, minced, 2 tbsp flour, 1 cup beef broth, 1 tbsp tomato paste, 1 tsp Worcestershire sauce, 1 cup frozen peas|For the topping: 2 lbs potatoes, peeled and quartered, 1/2 cup milk, 4 tbsp butter, salt and pepper","1. Make the topping: Boil potatoes in salted water until tender. Drain and mash with milk, butter, salt, and pepper until smooth.|2. Make the filling: Preheat oven to 400°F (200°C). In a large skillet, brown the ground meat over medium-high heat. Drain fat.|3. Add olive oil, onion, and carrots to the skillet and cook until softened. Stir in garlic.|4. Sprinkle flour over the meat and vegetables and stir to combine. Cook for 1 minute.|5. Gradually stir in beef broth, tomato paste, and Worcestershire sauce. Bring to a simmer and cook until thickened. Stir in the frozen peas.|6. Spread the meat mixture in the bottom of a baking dish. Top evenly with the mashed potatoes.|7. Bake for 20-25 minutes, or until the filling is bubbly and the potato topping is lightly browned.|8. Let cool for a few minutes before serving.","british,casserole,comfort food,family meal"
Mushroom Risotto,"A creamy, classic Italian rice dish made with Arborio rice, mushrooms, and Parmesan cheese.",10 min,30 min,4,Medium,Vegetarian,"6 cups vegetable or chicken broth|2 tbsp olive oil|1 lb mixed mushrooms, sliced|1 shallot, finely chopped|2 cloves garlic, minced|1.5 cups Arborio rice|1/2 cup dry white wine|1 cup grated Parmesan cheese|2 tbsp butter|Salt and pepper to taste|Fresh parsley, chopped, for garnish","1. In a saucepan, bring the broth to a simmer and keep it warm over low heat.|2. In a large, heavy-bottomed pot, heat olive oil over medium heat. Add the mushrooms and cook until they have released their liquid and are browned. Remove half of the mushrooms and set aside for garnish.|3. Add the shallot and garlic to the pot with the remaining mushrooms and cook until softened.|4. Add the Arborio rice and stir constantly for about 1 minute until the edges of the rice look translucent.|5. Pour in the white wine and cook, stirring, until it is fully absorbed.|6. Add one ladle of warm broth to the rice and stir until it is absorbed. Continue adding broth one ladle at a time, waiting for it to be absorbed before adding the next, stirring frequently. This process should take about 20-25 minutes.|7. The risotto is done when it is creamy and the rice is al dente. Remove from heat and stir in the Parmesan cheese and butter. Season with salt and pepper.|8. Garnish with the reserved cooked mushrooms and fresh parsley.","italian,risotto,vegetarian,comfort food"
BBQ Pulled Pork Sandwiches,"Tender, slow-cooked pork shoulder shredded and tossed in barbecue sauce, served on buns.",10 min,8 hours,8,Easy,Pork,"4 lb pork shoulder (Boston butt)|1 onion, chopped|2 cloves garlic, minced|1 cup BBQ sauce|1/4 cup apple cider vinegar|2 tbsp brown sugar|1 tbsp yellow mustard|1 tsp salt|1/2 tsp black pepper|8 hamburger buns|Coleslaw for serving (optional)","1. Place the chopped onion and garlic in the bottom of a slow cooker.|2. Place the pork shoulder on top.|3. In a bowl, whisk together the BBQ sauce, apple cider vinegar, brown sugar, mustard, salt, and pepper. Pour over the pork.|4. Cover and cook on low for 8 hours or on high for 4 hours, until the pork is very tender.|5. Remove the pork from the slow cooker and shred it using two forks. Discard any large pieces of fat.|6. Return the shredded pork to the slow cooker and stir to combine with the sauce.|7. Serve the pulled pork on hamburger buns, topped with coleslaw if desired.","american,slow-cooker,pork,sandwich"
Classic Chicken Noodle Soup,"The ultimate comfort food, made with tender chicken, vegetables, and egg noodles in a flavorful broth.",15 min,45 min,6,Easy,Chicken,"1 tbsp olive oil|1 onion, chopped|2 carrots, sliced|2 celery stalks, sliced|3 cloves garlic, minced|8 cups chicken broth|1 lb boneless, skinless chicken breast|1 tsp dried thyme|1 bay leaf|1.5 cups egg noodles, uncooked|2 tbsp chopped fresh parsley|Salt and pepper to taste","1. Heat olive oil in a large pot or Dutch oven over medium heat. Add onion, carrots, and celery. Cook until softened, about 5-7 minutes.|2. Stir in garlic and cook for 1 minute more.|3. Pour in the chicken broth, add the whole chicken breasts, thyme, and bay leaf. Bring to a boil, then reduce heat and simmer for 20-25 minutes, until the chicken is cooked through.|4. Carefully remove the chicken breasts from the pot. Shred the chicken using two forks and set aside.|5. Bring the broth back to a simmer and add the uncooked egg noodles. Cook for 6-8 minutes, or until the noodles are tender.|6. Return the shredded chicken to the pot. Stir in the fresh parsley.|7. Season with salt and pepper to taste. Remove the bay leaf before serving.","american,soup,comfort food,chicken,healthy"
Garlic Shrimp Scampi with Pasta,"A quick and elegant dish of shrimp sautéed in a garlic, white wine, and butter sauce, served over pasta.",10 min,15 min,4,Easy,Fish,"12 oz linguine or spaghetti|4 tbsp butter|4 tbsp olive oil|5 cloves garlic, thinly sliced|1/4 tsp red pepper flakes (optional)|1.5 lbs large shrimp, peeled and deveined|Salt and pepper to taste|1/2 cup dry white wine (like Pinot Grigio)|Juice of 1 lemon|1/4 cup chopped fresh parsley","1. Cook pasta according to package directions. Reserve 1/2 cup of pasta water before draining.|2. In a large skillet, melt butter with olive oil over medium heat.|3. Add the sliced garlic and red pepper flakes. Cook for 1-2 minutes until fragrant, being careful not to burn the garlic.|4. Add the shrimp to the skillet, season with salt and pepper, and cook for 2-3 minutes, stirring occasionally, until they turn pink and opaque.|5. Pour in the white wine and lemon juice. Bring to a simmer and cook for 1 minute to allow the alcohol to cook off.|6. Add the drained pasta to the skillet with the shrimp. Toss to combine. If the sauce is too thick, add a little of the reserved pasta water.|7. Stir in the fresh parsley and serve immediately.","italian,seafood,pasta,quick,weeknight"
Beef Tacos,"Classic ground beef tacos with homemade seasoning, perfect for a fun and easy family dinner.",10 min,15 min,6,Easy,Beef,"1.5 lbs ground beef|1 tbsp chili powder|1 tsp cumin|1/2 tsp paprika|1/2 tsp garlic powder|1/2 tsp onion powder|1/4 tsp salt|1/4 tsp black pepper|3/4 cup water|12 hard taco shells or soft tortillas|Toppings: shredded lettuce, diced tomatoes, shredded cheddar cheese, sour cream, salsa","1. In a large skillet, cook the ground beef over medium-high heat until browned. Drain off any excess grease.|2. Stir in the chili powder, cumin, paprika, garlic powder, onion powder, salt, and pepper.|3. Pour in the water, stir to combine, and bring to a simmer. Reduce heat and let it simmer for 5-7 minutes, until the liquid has reduced and the mixture has thickened slightly.|4. While the meat simmers, warm the taco shells or tortillas according to package directions.|5. Assemble the tacos by filling the shells with the beef mixture and adding your favorite toppings.","mexican,beef,tacos,family meal,weeknight"
Mediterranean Chickpea Salad,"A vibrant and healthy salad with chickpeas, cucumbers, tomatoes, and a zesty lemon dressing.",15 min,0 min,4,Easy,Vegan,"2 (15 oz) cans chickpeas, rinsed and drained|1 English cucumber, diced|1 pint cherry tomatoes, halved|1/2 red onion, finely diced|1/2 cup chopped fresh parsley|1/4 cup chopped fresh mint|For the dressing: 1/4 cup olive oil, 1/4 cup fresh lemon juice, 1 clove garlic, minced, salt and pepper to taste","1. In a large bowl, combine the chickpeas, cucumber, tomatoes, red onion, parsley, and mint.|2. In a small bowl, whisk together the olive oil, lemon juice, minced garlic, salt, and pepper.|3. Pour the dressing over the chickpea mixture and toss gently to combine.|4. Let the salad sit for at least 10 minutes to allow the flavors to meld.|5. Serve as a light lunch or a side dish. It's also great for meal prep.","mediterranean,vegan,salad,healthy,quick,gluten-free"
Classic Chili Con Carne,"A rich and spicy beef and bean chili, perfect for a cold day.",15 min,90 min,8,Easy,Beef,"2 lbs ground beef|1 large onion, chopped|1 green bell pepper, chopped|3 cloves garlic, minced|1/4 cup chili powder|2 tbsp cumin|1 tsp smoked paprika|1 tsp dried oregano|1/2 tsp cayenne pepper (or more to taste)|1 (28 oz) can crushed tomatoes|1 (15 oz) can kidney beans, rinsed and drained|1 (15 oz) can black beans, rinsed and drained|2 cups beef broth|Salt and pepper to taste","1. In a large pot or Dutch oven, brown the ground beef with the onion and bell pepper over medium-high heat. Drain excess fat.|2. Stir in the garlic, chili powder, cumin, smoked paprika, oregano, and cayenne. Cook for 1 minute until fragrant.|3. Add the crushed tomatoes, kidney beans, black beans, and beef broth. Season with salt and pepper.|4. Bring to a boil, then reduce heat to low, cover, and simmer for at least 1 hour (up to 3 hours for more flavor), stirring occasionally.|5. Taste and adjust seasonings if necessary.|6. Serve hot with toppings like shredded cheese, sour cream, and chopped onions.","american,soup,chili,comfort food,beef"
Chicken Parmesan,"Crispy breaded chicken breast, smothered in marinara sauce and melted mozzarella and Parmesan cheese.",20 min,25 min,4,Medium,Chicken,"4 boneless, skinless chicken breasts, pounded to 1/2-inch thickness|1 cup Italian-style breadcrumbs|1/2 cup grated Parmesan cheese|1 tsp garlic powder|1 egg, beaten|1/2 cup all-purpose flour|Salt and pepper|1/4 cup olive oil|2 cups marinara sauce|1 cup shredded mozzarella cheese|Cooked spaghetti for serving","1. Preheat oven to 400°F (200°C).|2. Set up three shallow dishes. In the first, place the flour seasoned with salt and pepper. In the second, the beaten egg. In the third, combine the breadcrumbs, Parmesan cheese, and garlic powder.|3. Dredge each chicken breast in flour, then dip in the egg, then coat thoroughly with the breadcrumb mixture.|4. Heat olive oil in a large oven-safe skillet over medium-high heat. Pan-fry the chicken for 2-3 minutes per side until golden brown.|5. Top each chicken breast with marinara sauce and a generous sprinkle of mozzarella cheese.|6. Transfer the skillet to the preheated oven and bake for 15-20 minutes, or until the chicken is cooked through and the cheese is bubbly and melted.|7. Serve immediately, often over a bed of spaghetti.","italian,chicken,comfort food,classic"
Simple Pan-Seared Pork Chops,"Juicy, tender pork chops with a beautiful golden-brown crust, ready in minutes.",5 min,15 min,4,Easy,Pork,"4 boneless pork chops, about 1-inch thick|1 tbsp olive oil|1 tsp salt|1/2 tsp black pepper|1 tsp paprika|1/2 tsp garlic powder|2 tbsp butter|2 cloves garlic, smashed|2 sprigs fresh thyme or rosemary (optional)","1. Pat the pork chops dry with a paper towel. This helps to get a good sear.|2. In a small bowl, mix together salt, pepper, paprika, and garlic powder. Rub the seasoning mixture all over the pork chops.|3. Heat olive oil in a large skillet over medium-high heat.|4. Carefully place the pork chops in the hot skillet. Cook for 4-6 minutes per side, until golden brown and cooked through. The internal temperature should reach 145°F (63°C).|5. During the last minute of cooking, add the butter, smashed garlic, and herb sprigs to the pan. Tilt the pan and spoon the melted butter over the chops.|6. Remove from skillet and let the pork chops rest for 5 minutes before serving.","american,pork,weeknight,quick"
Roasted Root Vegetables,"A simple, healthy, and colorful side dish of caramelized root vegetables.",15 min,40 min,6,Easy,Vegan,"1 lb carrots, peeled and cut into 1-inch chunks|1 lb parsnips, peeled and cut into 1-inch chunks|1 lb sweet potatoes, peeled and cut into 1-inch chunks|1 red onion, cut into wedges|3 tbsp olive oil|1 tsp dried thyme|1 tsp dried rosemary|Salt and pepper to taste","1. Preheat oven to 425°F (220°C).|2. On a large baking sheet, combine the carrots, parsnips, sweet potatoes, and red onion.|3. Drizzle with olive oil and sprinkle with thyme, rosemary, salt, and pepper. Toss well to coat all the vegetables evenly.|4. Spread the vegetables in a single layer on the baking sheet.|5. Roast for 35-45 minutes, tossing halfway through, until the vegetables are tender and caramelized at the edges.|6. Serve hot as a side dish.","vegan,side dish,healthy,roast"
Classic Tuna Salad Sandwich,"A quick and easy lunch staple made with canned tuna, mayonnaise, and celery.",10 min,0 min,2,Easy,Fish,"1 (5 oz) can tuna, drained|1/4 cup mayonnaise|1 celery stalk, finely chopped|1 tbsp finely chopped red onion|1 tbsp sweet pickle relish (optional)|1 tsp lemon juice|Salt and pepper to taste|4 slices of bread|Lettuce leaves","1. In a medium bowl, flake the drained tuna with a fork.|2. Add the mayonnaise, celery, red onion, relish (if using), and lemon juice. Mix until well combined.|3. Season with salt and pepper to taste.|4. Spread the tuna salad mixture evenly on two slices of bread.|5. Top with lettuce leaves and the remaining two slices of bread.|6. Serve immediately or chill for later.","american,sandwich,quick,lunch,seafood"
One-Pot Spanish Chicken and Chorizo Rice,"A vibrant and flavorful one-pot meal inspired by Spanish paella.",15 min,30 min,4,Medium,Chicken,"1 tbsp olive oil|1 lb boneless, skinless chicken thighs, cut into chunks|6 oz Spanish chorizo, sliced|1 onion, chopped|1 red bell pepper, chopped|2 cloves garlic, minced|1 tsp smoked paprika|Pinch of saffron threads|1.5 cups long-grain white rice|3 cups chicken broth|1 cup frozen peas|Lemon wedges for serving","1. Heat olive oil in a large, deep skillet or paella pan over medium-high heat. Add the chicken and cook until browned. Remove and set aside.|2. Add the chorizo to the skillet and cook for a few minutes until it releases its oils and becomes crispy. Remove and set aside.|3. In the same skillet, cook the onion and bell pepper until softened. Stir in the garlic, smoked paprika, and saffron and cook for 1 minute.|4. Add the rice and stir to coat it in the oils and spices.|5. Pour in the chicken broth and bring to a boil. Return the chicken and chorizo to the pan.|6. Reduce heat to low, cover, and simmer for 15-20 minutes, until the rice is tender and has absorbed the liquid.|7. Stir in the frozen peas, cover, and let it sit for 5 minutes off the heat.|8. Fluff with a fork and serve with lemon wedges.","spanish,one-pot,chicken,rice"
Broccoli Cheddar Soup,"A creamy, cheesy, and comforting soup that's perfect for a chilly day.",15 min,30 min,6,Easy,Vegetarian,"1/4 cup butter|1 medium onion, chopped|2 cloves garlic, minced|1/4 cup all-purpose flour|2 cups milk|2 cups chicken or vegetable broth|1 large head broccoli, chopped into small florets|1 large carrot, shredded|8 oz sharp cheddar cheese, shredded|1/2 tsp salt|1/4 tsp black pepper|Pinch of nutmeg","1. In a large pot or Dutch oven, melt the butter over medium heat. Add the onion and cook until softened.|2. Stir in the garlic and cook for 1 minute more.|3. Whisk in the flour and cook for 1 minute to form a roux.|4. Gradually whisk in the milk and broth until smooth. Bring to a simmer, stirring constantly, until the soup begins to thicken.|5. Add the broccoli florets and shredded carrot. Reduce heat, cover, and simmer for 15-20 minutes, or until the vegetables are very tender.|6. Reduce heat to low. Gradually stir in the shredded cheddar cheese until it's completely melted and the soup is smooth. Do not let the soup boil after adding the cheese.|7. Season with salt, pepper, and a pinch of nutmeg.|8. For a smoother soup, you can use an immersion blender to partially or fully blend it. Serve hot.","american,soup,vegetarian,comfort food,cheese"
Sweet and Sour Chicken,"A popular Chinese restaurant favorite with crispy chicken in a tangy sweet and sour sauce.",20 min,20 min,4,Medium,Chicken,"1 lb boneless, skinless chicken breast, cut into 1-inch cubes|1/2 cup cornstarch|1/4 tsp salt|1/4 tsp pepper|2 eggs, beaten|Vegetable oil for frying|1 green bell pepper, chopped|1 red bell pepper, chopped|1/2 onion, chopped|1 (8 oz) can pineapple chunks, drained (reserve juice)|For the sauce: 1/2 cup reserved pineapple juice, 1/2 cup rice vinegar, 1/2 cup ketchup, 1/4 cup brown sugar, 1 tbsp soy sauce","1. Make the sauce: In a saucepan, combine pineapple juice, rice vinegar, ketchup, brown sugar, and soy sauce. Bring to a boil, then reduce heat and simmer for 5 minutes until slightly thickened. Set aside.|2. In a bowl, toss the chicken cubes with cornstarch, salt, and pepper. Dip each piece in the beaten egg.|3. Heat 2 inches of vegetable oil in a wok or deep skillet to 350°F (175°C). Fry the chicken in batches for 3-4 minutes, until golden brown and cooked through. Remove and drain on paper towels.|4. In a clean skillet, stir-fry the bell peppers and onion for 2-3 minutes until tender-crisp.|5. Add the pineapple chunks, crispy chicken, and the sweet and sour sauce to the skillet. Toss gently to coat everything.|6. Serve immediately with rice.","asian,chinese,chicken,classic"
Caprese Pasta Salad,"A simple and fresh pasta salad with the classic flavors of a Caprese salad.",10 min,15 min,6,Easy,Vegetarian,"12 oz fusilli or penne pasta|1 pint cherry tomatoes, halved|8 oz fresh mozzarella balls (bocconcini), halved|1/2 cup fresh basil leaves, chopped|For the dressing: 1/4 cup balsamic vinegar, 2 tbsp olive oil, 1 clove garlic, minced, salt and pepper to taste","1. Cook the pasta according to package directions. Drain and rinse with cold water to cool it down.|2. In a large bowl, combine the cooled pasta, cherry tomatoes, mozzarella balls, and fresh basil.|3. In a small bowl, whisk together the balsamic vinegar, olive oil, minced garlic, salt, and pepper.|4. Pour the dressing over the pasta salad and toss to combine.|5. For best flavor, let the salad chill in the refrigerator for at least 30 minutes before serving.","italian,pasta,salad,vegetarian,summer,quick"
Spaghetti Aglio e Olio,"A simple, traditional Italian pasta dish with garlic, olive oil, and red pepper flakes.",5 min,15 min,4,Easy,Vegan,"1 lb spaghetti|1/2 cup good quality olive oil|6-8 cloves garlic, thinly sliced|1/2 tsp red pepper flakes, or to taste|Salt to taste|1/4 cup chopped fresh parsley","1. Cook spaghetti in a large pot of well-salted water according to package directions until al dente.|2. While the pasta is cooking, heat the olive oil in a large skillet over medium-low heat. Add the sliced garlic and red pepper flakes.|3. Cook slowly, stirring occasionally, until the garlic turns a light golden brown. Do not let it burn or it will become bitter. Remove from heat if it's cooking too quickly.|4. Reserve about 1 cup of the pasta water, then drain the pasta.|5. Add the drained spaghetti directly to the skillet with the garlic and oil. Toss well to coat.|6. Add a few tablespoons of the reserved pasta water to the pan to help create a light sauce that clings to the pasta. Toss everything together.|7. Stir in the fresh parsley and season with salt. Serve immediately.","italian,pasta,vegan,quick,weeknight"
Chicken Quesadillas,"Cheesy, crispy tortillas filled with seasoned chicken and melted cheese.",10 min,10 min,4,Easy,Chicken,"2 cups cooked, shredded chicken|1 tsp chili powder|1/2 tsp cumin|1/2 tsp salt|8 large flour tortillas|2 cups shredded Monterey Jack or cheddar cheese|1 tbsp vegetable oil or butter|Sour cream, salsa, and guacamole for serving","1. In a bowl, toss the shredded chicken with the chili powder, cumin, and salt.|2. Heat a large skillet or griddle over medium heat. Lightly grease with oil or butter.|3. Place one tortilla in the skillet. Sprinkle half of the tortilla with a layer of cheese, then a layer of the seasoned chicken, then another layer of cheese.|4. Fold the other half of the tortilla over the filling.|5. Cook for 2-3 minutes per side, until the tortilla is golden brown and crispy, and the cheese is fully melted.|6. Remove from the skillet and cut into wedges.|7. Repeat with the remaining tortillas and filling.|8. Serve hot with sour cream, salsa, and guacamole.","mexican,chicken,quick,lunch,snack"
Creamy Tomato Soup,"A rich and velvety tomato soup, perfect for pairing with a grilled cheese sandwich.",10 min,30 min,6,Easy,Vegetarian,"2 tbsp olive oil|1 large onion, chopped|2 carrots, chopped|2 cloves garlic, minced|1 (28 oz) can crushed tomatoes|4 cups vegetable broth|1 tsp dried basil|1/2 cup heavy cream|Salt and pepper to taste","1. Heat olive oil in a large pot or Dutch oven over medium heat. Add the onion and carrots and cook until softened, about 8 minutes.|2. Stir in the garlic and cook for 1 minute more.|3. Add the crushed tomatoes, vegetable broth, and dried basil. Bring to a simmer.|4. Reduce heat, cover, and let it cook for 15-20 minutes to allow the flavors to meld.|5. Use an immersion blender to blend the soup until it's smooth and creamy. Alternatively, carefully transfer the soup in batches to a regular blender and blend until smooth.|6. Return the soup to the pot if you used a regular blender. Stir in the heavy cream and heat through gently. Do not let it boil.|7. Season with salt and pepper to taste.|8. Serve hot, garnished with fresh basil or croutons.","american,soup,vegetarian,comfort food,classic"
Blackened Fish Tacos,"Spicy, flavorful fish tacos with a cool and creamy slaw.",20 min,10 min,4,Easy,Fish,"1.5 lbs firm white fish fillets (like tilapia or cod)|2 tbsp olive oil|2 tbsp blackened seasoning|8-12 corn tortillas|For the slaw: 2 cups shredded cabbage, 1/4 cup mayonnaise, 2 tbsp lime juice, 1 tbsp chopped cilantro, salt and pepper","1. Make the slaw: In a bowl, combine the shredded cabbage, mayonnaise, lime juice, cilantro, salt, and pepper. Mix well and set aside.|2. Pat the fish fillets dry and rub them all over with the blackened seasoning.|3. Heat olive oil in a large skillet over medium-high heat. Carefully place the fish in the skillet and cook for 3-4 minutes per side, until the seasoning is dark and the fish is cooked through and flakes easily.|4. Remove the fish from the skillet and break it into large chunks.|5. Warm the corn tortillas in a dry skillet or in the microwave.|6. Assemble the tacos: Fill each warm tortilla with a portion of the blackened fish and top with the creamy slaw. Serve with lime wedges.","mexican,seafood,tacos,spicy,quick"
Sausage and Peppers,"A classic Italian-American dish of savory sausage, sweet bell peppers, and onions.",10 min,25 min,4,Easy,Pork,"1.5 lbs sweet or hot Italian sausage|1 tbsp olive oil|2 large bell peppers (any color), sliced|1 large onion, sliced|3 cloves garlic, minced|1/2 cup water or chicken broth|Salt and pepper to taste|Hoagie rolls for serving (optional)","1. Heat a large skillet over medium-high heat. Add the sausages and cook, turning occasionally, until browned on all sides. Remove the sausages from the skillet and set aside.|2. Add the olive oil to the same skillet. Add the sliced peppers and onions. Cook, stirring occasionally, for 10-12 minutes, until they are soft and lightly caramelized.|3. Stir in the minced garlic and cook for 1 minute more.|4. Return the sausages to the skillet. Add the water or broth, bring to a simmer, then reduce heat to low, cover, and cook for 10 minutes, or until the sausages are cooked through.|5. Season with salt and pepper to taste.|6. Serve the sausage and peppers on their own or in hoagie rolls.","italian-american,pork,one-pan,weeknight"
Mongolian Beef,"Tender, crispy slices of beef in a sweet and savory sauce, better than takeout.",15 min,15 min,4,Medium,Beef,"1 lb flank steak, thinly sliced against the grain|1/4 cup cornstarch|Vegetable oil for frying|3 cloves garlic, minced|1 tsp minced ginger|1/2 cup soy sauce|1/2 cup water|3/4 cup brown sugar|4 green onions, chopped into 2-inch pieces|Cooked rice for serving","1. Place the sliced steak in a bowl and toss with cornstarch until evenly coated.|2. Heat about 1 inch of vegetable oil in a wok or large, deep skillet to 350°F (175°C).|3. Carefully add the steak in a single layer (work in batches) and fry for 1-2 minutes until crispy and lightly browned. Remove with a slotted spoon and drain on paper towels.|4. Drain most of the oil from the skillet, leaving about 1 tablespoon. Heat over medium heat and add the garlic and ginger. Cook for 30 seconds until fragrant.|5. Add the soy sauce, water, and brown sugar. Bring to a boil, stirring to dissolve the sugar. Let the sauce simmer and thicken for 2-3 minutes.|6. Return the crispy beef to the skillet and add the green onions. Toss everything to coat in the sauce.|7. Serve immediately over rice.","asian,chinese,beef,takeout"
Simple Minestrone Soup,"A hearty Italian vegetable soup made with beans, pasta, and a tomato-based broth.",20 min,40 min,8,Easy,Vegan,"2 tbsp olive oil|1 large onion, chopped|2 carrots, chopped|2 celery stalks, chopped|3 cloves garlic, minced|1 (28 oz) can diced tomatoes|6 cups vegetable broth|1 (15 oz) can kidney beans, rinsed|1 (15 oz) can cannellini beans, rinsed|1 tsp dried oregano|1 tsp dried basil|1 cup small pasta (like ditalini or small shells)|2 cups chopped spinach|Salt and pepper to taste","1. Heat olive oil in a large pot or Dutch oven over medium heat. Add onion, carrots, and celery. Cook until softened, about 8-10 minutes.|2. Stir in garlic and cook for 1 minute.|3. Add the diced tomatoes, vegetable broth, kidney beans, cannellini beans, oregano, and basil. Bring to a boil.|4. Reduce heat and simmer for 15 minutes.|5. Stir in the uncooked pasta and cook for about 8-10 minutes, or until the pasta is al dente.|6. Stir in the spinach and cook until wilted.|7. Season generously with salt and pepper to taste.|8. Serve hot, with a sprinkle of Parmesan cheese if not serving vegan.","italian,soup,vegan,healthy,vegetable"
Classic Pot Roast,"A tender, fall-apart beef roast cooked low and slow with potatoes and carrots.",20 min,3.5 hours,6,Easy,Beef,"3 lb beef chuck roast|2 tbsp olive oil|Salt and pepper|1 large onion, chopped|2 carrots, cut into chunks|2 celery stalks, cut into chunks|4 cloves garlic, minced|1 cup beef broth|1/2 cup dry red wine|1 tbsp tomato paste|1 tsp dried thyme|1 bay leaf|1.5 lbs baby potatoes","1. Preheat oven to 325°F (160°C). Pat the chuck roast dry and season generously with salt and pepper.|2. Heat olive oil in a large Dutch oven over medium-high heat. Sear the roast on all sides until deeply browned. Remove the roast and set aside.|3. Add the onion, carrots, and celery to the pot and cook until softened, about 5-7 minutes.|4. Stir in the garlic and cook for 1 minute.|5. Stir in the tomato paste, then pour in the red wine to deglaze the pot, scraping up any browned bits from the bottom.|6. Bring to a simmer and cook for a few minutes until the wine has reduced slightly.|7. Stir in the beef broth, thyme, and bay leaf. Return the roast to the pot.|8. Cover the Dutch oven and transfer it to the preheated oven. Cook for 2 hours.|9. Add the potatoes to the pot around the roast. Cover and continue to cook for another 1-1.5 hours, or until the roast and potatoes are fork-tender.|10. Let the roast rest for a few minutes before slicing or shredding. Serve with the vegetables and pan juices.","american,beef,roast,comfort food,slow-cook"
Thai Red Curry Noodles,"Creamy, spicy, and savory coconut curry noodles with chicken and vegetables.",15 min,20 min,4,Medium,Chicken,"8 oz rice noodles|1 tbsp coconut oil|1 lb boneless, skinless chicken breast, thinly sliced|1 red bell pepper, sliced|1 cup sliced mushrooms|3 cloves garlic, minced|1 inch ginger, grated|2-3 tbsp red curry paste|1 (13.5 oz) can full-fat coconut milk|1 cup chicken broth|1 tbsp fish sauce|1 tbsp brown sugar|Juice of 1 lime|Fresh cilantro and lime wedges for garnish","1. Cook rice noodles according to package directions. Drain and set aside.|2. Heat coconut oil in a large skillet or wok over medium-high heat. Add the chicken and cook until no longer pink. Remove and set aside.|3. Add the bell pepper and mushrooms to the skillet and cook until softened.|4. Stir in the garlic, ginger, and red curry paste. Cook for 1 minute until fragrant.|5. Whisk in the coconut milk and chicken broth. Bring to a simmer.|6. Stir in the fish sauce and brown sugar. Let the sauce simmer for 5 minutes to thicken slightly.|7. Return the cooked chicken to the skillet. Add the cooked rice noodles and toss everything together to coat in the sauce.|8. Stir in the lime juice.|9. Serve immediately, garnished with fresh cilantro and lime wedges.","asian,thai,curry,noodles,spicy,weeknight"
Lemon Chicken Piccata,"A classic Italian dish of pan-fried chicken cutlets in a bright lemon-butter and caper sauce.",10 min,15 min,4,Easy,Chicken,"4 thin-sliced chicken breasts (cutlets)|1/2 cup all-purpose flour|Salt and pepper|4 tbsp butter, divided|2 tbsp olive oil|1/2 cup chicken broth|1/4 cup fresh lemon juice|2 tbsp capers, drained|2 tbsp fresh parsley, chopped","1. Season the flour with salt and pepper in a shallow dish. Dredge the chicken cutlets in the flour, shaking off any excess.|2. In a large skillet, melt 2 tablespoons of butter with the olive oil over medium-high heat.|3. Add the chicken to the skillet and cook for 3-4 minutes per side, until golden brown and cooked through. Transfer the chicken to a plate.|4. Reduce the heat to medium. Add the chicken broth and lemon juice to the skillet, scraping up any browned bits from the bottom of the pan.|5. Bring the sauce to a simmer and cook until it has reduced by about half.|6. Stir in the remaining 2 tablespoons of butter, the capers, and the parsley. Swirl the pan until the butter is melted and the sauce is smooth.|7. Return the chicken to the pan and spoon the sauce over it.|8. Serve immediately, often with pasta or mashed potatoes.","italian,chicken,quick,weeknight"
Honey Garlic Glazed Salmon,"A sweet and savory salmon dish with a sticky honey garlic glaze, ready in under 20 minutes.",5 min,12 min,4,Easy,Fish,"4 (6 oz) salmon fillets|Salt and pepper to taste|1/2 cup honey|1/4 cup soy sauce|2 tbsp lemon juice|3 cloves garlic, minced","1. Preheat oven to 400°F (200°C). Line a baking sheet with foil or parchment paper.|2. Season the salmon fillets with salt and pepper and place them on the prepared baking sheet.|3. In a small bowl, whisk together the honey, soy sauce, lemon juice, and minced garlic.|4. Pour half of the glaze over the salmon fillets, brushing to coat evenly.|5. Bake for 12-15 minutes, or until the salmon is cooked through. During the last 2-3 minutes of baking, you can switch the oven to broil to get a nice caramelization on top (watch carefully to prevent burning).|6. Serve the salmon with the remaining glaze spooned over the top.","seafood,healthy,quick,weeknight,asian-inspired"
Vegetable Lo Mein,"A quick and easy noodle dish packed with vegetables and a savory sauce.",15 min,10 min,4,Easy,Vegetarian,"8 oz lo mein noodles or spaghetti|1 tbsp sesame oil|2 tbsp soy sauce|1 tbsp hoisin sauce|1 tsp brown sugar|1 tbsp vegetable oil|1 carrot, julienned|1 red bell pepper, sliced|2 cups sliced mushrooms|4 green onions, chopped|2 cloves garlic, minced|1 cup bean sprouts","1. Cook the noodles according to package directions. Drain and set aside.|2. In a small bowl, whisk together the sesame oil, soy sauce, hoisin sauce, and brown sugar to make the sauce.|3. Heat the vegetable oil in a wok or large skillet over high heat. Add the carrots, bell pepper, and mushrooms. Stir-fry for 3-4 minutes until tender-crisp.|4. Add the garlic and the white parts of the green onions. Stir-fry for 30 seconds until fragrant.|5. Add the cooked noodles, bean sprouts, and the sauce to the skillet. Toss everything together until the noodles and vegetables are well coated and heated through.|6. Stir in the green parts of the green onions.|7. Serve immediately.","asian,chinese,noodles,vegetarian,quick"
French Onion Soup,"A classic, elegant soup with caramelized onions, a rich beef broth, and a cheesy crouton topping.",15 min,75 min,4,Medium,Beef,"4 tbsp butter|4 large yellow onions, thinly sliced|2 cloves garlic, minced|1 tsp sugar|8 cups beef broth|1/2 cup dry white wine|1 tsp dried thyme|1 bay leaf|Salt and pepper to taste|4 thick slices of French bread, toasted|1.5 cups shredded Gruyère cheese","1. Melt the butter in a large Dutch oven or heavy-bottomed pot over medium-low heat. Add the sliced onions and sugar. Cook slowly, stirring occasionally, for 30-40 minutes, until the onions are deeply caramelized and jammy.|2. Stir in the garlic and cook for 1 minute more.|3. Pour in the white wine to deglaze the pot, scraping up any browned bits. Cook until the wine has mostly evaporated.|4. Add the beef broth, thyme, and bay leaf. Bring to a simmer, then reduce heat, partially cover, and let it simmer for at least 30 minutes.|5. Remove the bay leaf and season the soup with salt and pepper to taste.|6. Preheat the broiler. Ladle the soup into four oven-safe bowls. Top each bowl with a slice of toasted bread and a generous amount of Gruyère cheese.|7. Place the bowls on a baking sheet and broil for 2-3 minutes, until the cheese is melted and bubbly. Watch carefully to prevent burning.|8. Serve immediately.","french,soup,classic,comfort food"
Chicken Fajitas,"Sizzling chicken and peppers cooked in a flavorful spice blend, served with warm tortillas.",15 min,15 min,4,Easy,Chicken,"1.5 lbs boneless, skinless chicken breast, sliced|1 large onion, sliced|2 bell peppers (different colors), sliced|2 tbsp olive oil|For the seasoning: 2 tsp chili powder, 1 tsp cumin, 1 tsp paprika, 1/2 tsp garlic powder, 1/2 tsp salt, 1/4 tsp black pepper|8 flour tortillas|Toppings: sour cream, guacamole, salsa, shredded cheese","1. In a small bowl, mix together the chili powder, cumin, paprika, garlic powder, salt, and pepper.|2. In a large bowl, toss the sliced chicken with half of the seasoning mixture.|3. Heat olive oil in a large cast-iron skillet over medium-high heat. Add the chicken and cook, stirring occasionally, until browned and cooked through. Remove the chicken from the skillet.|4. Add the sliced onions and bell peppers to the same skillet. Sprinkle with the remaining seasoning and cook, stirring frequently, for 5-7 minutes, until softened and slightly charred.|5. Return the chicken to the skillet with the vegetables and toss to combine.|6. Warm the tortillas in a dry skillet or microwave.|7. Serve the sizzling chicken and pepper mixture with the warm tortillas and your favorite toppings.","mexican,chicken,fajitas,weeknight"
Eggplant Parmesan,"A classic Italian casserole with layers of breaded eggplant, marinara sauce, and melted cheese.",20 min,40 min,6,Medium,Vegetarian,"2 medium eggplants, sliced into 1/2-inch rounds|Salt|1 cup all-purpose flour|2 eggs, beaten|1.5 cups Italian breadcrumbs|Olive oil for frying|3 cups marinara sauce|1.5 cups shredded mozzarella cheese|1/2 cup grated Parmesan cheese|Fresh basil for garnish","1. Place the eggplant slices on a baking sheet, sprinkle with salt, and let them sit for 30 minutes to draw out excess moisture. Pat dry with paper towels.|2. Preheat oven to 375°F (190°C). Set up a breading station with three shallow dishes: one with flour, one with beaten eggs, and one with breadcrumbs.|3. Dredge each eggplant slice in flour, then egg, then breadcrumbs, coating completely.|4. Heat about 1/2 inch of olive oil in a large skillet over medium-high heat. Fry the eggplant slices in batches for 2-3 minutes per side until golden brown. Drain on paper towels.|5. Spread a thin layer of marinara sauce in the bottom of a 9x13 inch baking dish. Arrange a single layer of fried eggplant slices on top.|6. Top the eggplant with more marinara sauce, a sprinkle of mozzarella, and a sprinkle of Parmesan.|7. Repeat the layers until all ingredients are used, finishing with a layer of marinara and a generous topping of mozzarella and Parmesan cheeses.|8. Bake for 25-30 minutes, until the sauce is bubbly and the cheese is melted and golden.|9. Let it rest for 10 minutes before serving, garnished with fresh basil.","italian,vegetarian,casserole,comfort food"
Creamy Tuscan Gnocchi,"Pillowy gnocchi in a rich and creamy sun-dried tomato and spinach sauce.",5 min,15 min,4,Easy,Vegetarian,"1 lb package of potato gnocchi|2 tbsp butter|3 cloves garlic, minced|1/2 cup sun-dried tomatoes in oil, drained and chopped|4 cups fresh spinach|1.5 cups heavy cream|1/2 cup grated Parmesan cheese|Salt and pepper to taste|Pinch of red pepper flakes (optional)","1. Cook the gnocchi according to package directions (they are usually done when they float to the top). Drain and set aside.|2. In a large skillet, melt the butter over medium heat. Add the garlic and sun-dried tomatoes and cook for 1 minute until fragrant.|3. Add the spinach to the skillet in batches and cook until it has wilted down.|4. Pour in the heavy cream and bring to a gentle simmer. Let it cook for 2-3 minutes to thicken slightly.|5. Stir in the Parmesan cheese until the sauce is smooth. Season with salt, pepper, and red pepper flakes if using.|6. Add the cooked gnocchi to the skillet and toss to coat in the creamy sauce.|7. Serve immediately.","italian,vegetarian,gnocchi,quick,weeknight"
Cuban Black Bean Soup,"A hearty and flavorful soup with black beans, vegetables, and a hint of citrus.",15 min,40 min,6,Easy,Vegan,"1 tbsp olive oil|1 onion, chopped|1 green bell pepper, chopped|3 cloves garlic, minced|2 (15 oz) cans black beans, undrained|3 cups vegetable broth|1 bay leaf|1 tsp cumin|1/2 tsp dried oregano|Juice of 1 lime|Salt and pepper to taste|Chopped cilantro and sour cream for garnish (optional)","1. Heat olive oil in a large pot or Dutch oven over medium heat. Add the onion and bell pepper and cook until softened, about 5-7 minutes.|2. Stir in the garlic and cook for 1 minute more.|3. Add the undrained black beans, vegetable broth, bay leaf, cumin, and oregano. Bring to a boil.|4. Reduce heat to low, cover, and simmer for at least 20 minutes to allow the flavors to meld.|5. Remove the bay leaf. For a thicker, creamier consistency, use an immersion blender to partially blend the soup, leaving some whole beans for texture.|6. Stir in the lime juice and season with salt and pepper to taste.|7. Serve hot, garnished with fresh cilantro and a dollop of sour cream if desired.","cuban,soup,vegan,healthy,beans"
Korean Beef Bulgogi,"Thinly sliced, marinated beef grilled or pan-fried for a sweet and savory flavor.",30 min,10 min,4,Medium,Beef,"1.5 lbs ribeye or sirloin steak, very thinly sliced|1/2 cup soy sauce|1/4 cup brown sugar|2 tbsp sesame oil|1 small pear or apple, grated|4 cloves garlic, minced|1 inch ginger, minced|2 green onions, sliced|1 tsp black pepper|1 tbsp vegetable oil for cooking|Toasted sesame seeds for garnish","1. In a large bowl, combine the soy sauce, brown sugar, sesame oil, grated pear, garlic, ginger, green onions, and black pepper. Whisk until the sugar is dissolved.|2. Add the thinly sliced beef to the marinade and toss to coat completely. Cover and refrigerate for at least 30 minutes, or up to 4 hours.|3. Heat vegetable oil in a large skillet or on a grill pan over high heat.|4. Cook the beef in a single layer (work in batches) for 1-2 minutes per side, until it's caramelized and cooked through.|5. Garnish with toasted sesame seeds and more green onions.|6. Serve immediately with rice and kimchi.","asian,korean,beef,grill,quick"
Goulash (American Style),"A comforting one-pot meal of ground beef, macaroni, and tomatoes.",10 min,30 min,6,Easy,Beef,"1.5 lbs ground beef|1 large onion, chopped|2 cloves garlic, minced|1 (28 oz) can diced tomatoes, undrained|1 (8 oz) can tomato sauce|2 cups beef broth|1 tbsp Worcestershire sauce|1 tsp paprika|1 tsp Italian seasoning|2 cups elbow macaroni, uncooked|Salt and pepper to taste|Shredded cheddar cheese for serving","1. In a large pot or Dutch oven, brown the ground beef with the onion over medium-high heat. Drain off excess grease.|2. Stir in the garlic and cook for 1 minute.|3. Add the diced tomatoes, tomato sauce, beef broth, Worcestershire sauce, paprika, and Italian seasoning. Stir to combine and bring to a simmer.|4. Stir in the uncooked macaroni. Reduce heat to low, cover, and cook for 15-20 minutes, stirring occasionally, until the macaroni is tender and has absorbed most of the liquid.|5. Season with salt and pepper to taste.|6. Serve hot, topped with shredded cheddar cheese.","american,one-pot,pasta,comfort food,beef"
Simple Fried Rice,"A versatile and quick fried rice that's perfect for using up leftover rice and vegetables.",10 min,10 min,4,Easy,Vegetarian,"3 tbsp vegetable oil, divided|2 large eggs, lightly beaten|1 onion, chopped|1 carrot, diced|1/2 cup frozen peas|3 cloves garlic, minced|4 cups cooked and chilled long-grain rice|3 tbsp soy sauce|1 tsp sesame oil|2 green onions, sliced","1. Heat 1 tablespoon of vegetable oil in a wok or large skillet over medium-high heat. Pour in the beaten eggs and scramble until just cooked. Remove the eggs from the skillet and set aside.|2. Add the remaining 2 tablespoons of oil to the skillet. Add the onion and carrot and stir-fry for 3-4 minutes until softened.|3. Add the frozen peas and garlic and cook for another minute until fragrant.|4. Add the chilled, cooked rice to the skillet. Use a spatula to break up any clumps. Stir-fry for 3-4 minutes, until the rice is heated through.|5. Pour the soy sauce and sesame oil over the rice and toss to combine.|6. Stir in the cooked scrambled eggs and the sliced green onions.|7. Serve immediately. You can add cooked chicken, shrimp, or tofu for extra protein.","asian,chinese,rice,vegetarian,quick,leftovers"
